{
    "name":"get-shares",
    "request":{
        "url":"/getShares/",
        "method":"GET"
    },
    "responses":{
      "default":{
          "default":true,
           "status":200,
           "headers":{
               "ContentType": "application/json"
           },
           "delay":0,
           "data":{
               "shareList":  [
                {
                  "company": "Reliance",
                  "mcap": 400000000000000000000000,
                  "value": 7000,
                  "ucap":456,
                  "lcap":789,
                  "acap" :"Reliance",
                  "status":"closedclosedclosedclosedclosedclosedclosedclosed",
                  "active":"open",
                  "col":"status1",
                  "col3":"status3",
                  "col4":"status4",
                  "col7":"status4"
                }
              ],
              "totalRecords":2
           }
        },
          
        "error":{
          "default": false,
           "status":500
        }
           
      }
}