{
    "name":"get-time",
    "request":{
        "url":"/getTime/",
        "method":"GET"
    },
    "responses":{
      "default":{
          "default":true,
           "status":200,
           "headers":{
               "ContentType": "application/json"
           },
           "delay":0,
           "data":{
               "serverTime":"01/01/200"
           }
        },
        "error":{
          "default": false,
           "status":500
        }
           
      }
}