{
    "name":"verify-credentials",
    "request":{
        "url":"/verifyCredentials/",
        "method":"POST"
    },
    "responses":{
      "default":{
          "default":true,
           "status":200,
           "headers":{
               "ContentType": "application/json"
           },
           "delay":0,
           "data":{
               
           }
        },
        "error":{
          "default": false,
           "status":500
        },
        "401Unauthorized":{
            "default": false,
             "status":401
          }
           
      }
}